Substitution,Proportion_of_mutations
A[C>A]A,0
A[C>A]C,0
A[C>A]G,0.000462469
A[C>A]T,0
C[C>A]A,0.000982697
C[C>A]C,0.001473151
C[C>A]G,0.000764171
C[C>A]T,0.001417512
G[C>A]A,0.000571956
G[C>A]C,0.00108872
G[C>A]G,0.000735291
G[C>A]T,0.000109487
T[C>A]A,0.000327118
T[C>A]C,0.000327118
T[C>A]G,0.000626252
T[C>A]T,0.000545197
A[C>G]A,0.001418407
A[C>G]C,0.001985225
A[C>G]G,0.000491796
A[C>G]T,0.000328461
C[C>G]A,0
C[C>G]C,0.002476574
C[C>G]G,0.001714524
C[C>G]T,0.00256444
G[C>G]A,0.000163783
G[C>G]C,0.001936515
G[C>G]G,0.000709875
G[C>G]T,0.000328461
T[C>G]A,0.001690782
T[C>G]C,0.001309815
T[C>G]G,0.000328013
T[C>G]T,0.001474046
A[C>T]A,0.01031725
A[C>T]C,0.009628725
A[C>T]G,0.014678282
A[C>T]T,0.005500796
C[C>T]A,0.009719548
C[C>T]C,0.01433581
C[C>T]G,0.024831419
C[C>T]T,0.007320565
G[C>T]A,0.011595734
G[C>T]C,0.020537549
G[C>T]G,0.018305248
G[C>T]T,0.005993605
T[C>T]A,0.007457259
T[C>T]C,0.013070228
T[C>T]G,0.011838781
T[C>T]T,0.004057869
A[T>A]A,0
A[T>A]C,0.000491349
A[T>A]G,0.001223175
A[T>A]T,0.001527894
C[T>A]A,0
C[T>A]C,0.000491796
C[T>A]G,0.000436157
C[T>A]T,0.000327118
G[T>A]A,0
G[T>A]C,0.000164231
G[T>A]G,0.001034424
G[T>A]T,0
T[T>A]A,0
T[T>A]C,0.000924937
T[T>A]G,0.000436157
T[T>A]T,0
A[T>C]A,0.01215288
A[T>C]C,0.017960735
A[T>C]G,0.015942755
A[T>C]T,0.005299825
C[T>C]A,0.047809366
C[T>C]C,0.025377261
C[T>C]G,0.070667845
C[T>C]T,0.034608536
G[T>C]A,0.146426377
G[T>C]C,0.087712091
G[T>C]G,0.194480332
G[T>C]T,0.069507377
T[T>C]A,0.004797732
T[T>C]C,0.015503992
T[T>C]G,0.00605193
T[T>C]T,0.006206546
A[T>G]A,0
A[T>G]C,0.00125552
A[T>G]G,0.001223175
A[T>G]T,0.000328461
C[T>G]A,0
C[T>G]C,0.000875001
C[T>G]G,0.000981354
C[T>G]T,0.000383205
G[T>G]A,0.001637829
G[T>G]C,0.003191256
G[T>G]G,0.001421541
G[T>G]T,0.001801164
T[T>G]A,0
T[T>G]C,0.00136199
T[T>G]G,0.000436157
T[T>G]T,0
