Spectrum,C>A,C>G,C>T,T>A,T>C,T>G,Genus,Niche
M_abscessus_environmental,0.046721061,0.084492939,0.283338299,0.021536309,0.492168317,0.071743076,Mycobacteria,Environment
M_tuberculosis_lineage1,0.110016884,0.089119823,0.466552691,0.027000869,0.220895649,0.086414084,Mycobacteria,Lung
M_tuberculosis_lineage2,0.087829312,0.100237066,0.363935304,0.030187741,0.286009253,0.131801323,Mycobacteria,Lung
M_tuberculosis_lineage3,0.099931003,0.109619365,0.413954692,0.027138914,0.238816697,0.110539328,Mycobacteria,Lung
M_tuberculosis_lineage4,0.090760447,0.111255869,0.398865057,0.028705833,0.245516626,0.124896168,Mycobacteria,Lung
M_tuberculosis_lineage5,0.110063312,0.102165945,0.434921693,0.027290903,0.221759414,0.103798734,Mycobacteria,Lung
M_tuberculosis_lineage6,0.117409241,0.081353135,0.492739274,0.017491749,0.218811881,0.072194719,Mycobacteria,Lung
M_tuberculosis_lineage7,0.123544504,0.06749556,0.326425893,0.032168936,0.227748174,0.222616933,Mycobacteria,Lung
M_canettii,0.05218003,0.092150385,0.245411951,0.046514841,0.455576631,0.108166162,Mycobacteria,Environment
M_leprae,0.141922673,0.092862983,0.519448663,0.016119612,0.17486275,0.05478332,Mycobacteria,Lung
M_avium,0.048033797,0.153194887,0.250953378,0.025461099,0.437743484,0.084613355,Mycobacteria,Environment
M_intracellulare,0.046656167,0.154443057,0.218263184,0.0305545,0.451843806,0.098239287,Mycobacteria,Environment
M_chimaera,0.07375339,0.145316086,0.24045483,0.062591279,0.356978928,0.120905487,Mycobacteria,Environment
M_kansasii_non_MKMC,0.064317327,0.117426703,0.258251137,0.048185128,0.406945305,0.104874401,Mycobacteria,Environment
B_cenocepacia_ECs,0.08260739,0.100931211,0.387804145,0.055271853,0.304295584,0.069089817,Burkholderia,Lung
B_pseudomallei_group1,0.032852623,0.057574866,0.314417629,0.019075123,0.515065117,0.061014642,Burkholderia,Environment
B_pseudomallei_group2,0.041137621,0.060758947,0.334306137,0.019695952,0.478526348,0.065574994,Burkholderia,Environment
B_pseudomallei_group3,0.04142019,0.056882918,0.327207356,0.022094817,0.48577016,0.066624558,Burkholderia,Environment
B_pseudomallei_group4,0.040729702,0.056234897,0.347848283,0.020926422,0.472779606,0.061481089,Burkholderia,Environment
B_pseudomallei_group5,0.039252007,0.054167349,0.300684232,0.023185776,0.517374631,0.065336005,Burkholderia,Environment
