Substitution,Proportion_of_mutations
AA>CC,0.001321003963011889
AA>CG,0.007926023778071334
AA>CT,0.002642007926023778
AA>GC,0.0
AA>GG,0.01453104359313078
AA>GT,0.007926023778071334
AA>TC,0.0
AA>TG,0.001321003963011889
AA>TT,0.02509907529722589
AC>CA,0.005284015852047556
AC>CG,0.023778071334214
AC>CT,0.015852047556142668
AC>GA,0.026420079260237782
AC>GG,0.002642007926023778
AC>GT,0.05680317040951123
AC>TA,0.0
AC>TG,0.0
AC>TT,0.007926023778071334
AG>CA,0.002642007926023778
AG>CC,0.0
AG>CT,0.010568031704095112
AG>GA,0.03830911492734478
AG>GC,0.002642007926023778
AG>GT,0.013210039630118891
AG>TA,0.018494055482166448
AG>TC,0.0
AG>TT,0.007926023778071334
AT>CA,0.002642007926023778
AT>CC,0.01453104359313078
AT>CG,0.0
AT>GA,0.01453104359313078
AT>GC,0.0066050198150594455
AT>TA,0.002642007926023778
CA>AC,0.01453104359313078
CA>AG,0.0066050198150594455
CA>AT,0.010568031704095112
CA>GC,0.0
CA>GG,0.0
CA>GT,0.003963011889035667
CA>TC,0.0066050198150594455
CA>TG,0.06869220607661823
CA>TT,0.019815059445178335
CC>AA,0.0
CC>AG,0.0
CC>AT,0.05151915455746367
CC>GA,0.0
CC>GG,0.0
CC>GT,0.005284015852047556
CC>TA,0.015852047556142668
CC>TG,0.0
CC>TT,0.08850726552179657
CG>AA,0.023778071334214
CG>AC,0.023778071334214
CG>AT,0.011889035667107
CG>GA,0.0
CG>GC,0.0
CG>TA,0.011889035667107
GA>AC,0.009247027741083224
GA>AG,0.022457067371202115
GA>AT,0.009247027741083224
GA>CC,0.0
GA>CG,0.002642007926023778
GA>CT,0.002642007926023778
GA>TC,0.022457067371202115
GA>TG,0.007926023778071334
GA>TT,0.01453104359313078
GC>AA,0.08982826948480846
GC>AG,0.04491413474240423
GC>AT,0.026420079260237782
GC>CA,0.0
GC>CG,0.0
GC>TA,0.0
TA>AC,0.013210039630118891
TA>AG,0.013210039630118891
TA>AT,0.005284015852047556
TA>CC,0.0
TA>CG,0.018494055482166448
TA>GC,0.0
