Signature,Cluster2,Cluster5,Cluster6,Cluster7,Cluster8
MMR,0.656411362,0.537679848,0.531739767,0.742884847,0.582281597
Ung,0.343588638,0.462320152,0.447340724,0.257115153,0.366878996
unassigned,0,0,0.020919509,1.82E-16,0.050839407