Substitution,Proportion_of_mutations
AA>CC,0.0
AA>CG,0.0038809831824062097
AA>CT,0.0
AA>GC,0.0038809831824062097
AA>GG,0.00646830530401035
AA>GT,0.00517464424320828
AA>TC,0.00258732212160414
AA>TG,0.00646830530401035
AA>TT,0.007761966364812419
AC>CA,0.007761966364812419
AC>CG,0.0
AC>CT,0.007761966364812419
AC>GA,0.0129366106080207
AC>GG,0.00258732212160414
AC>GT,0.03492884864165589
AC>TA,0.00258732212160414
AC>TG,0.00258732212160414
AC>TT,0.040103492884864166
AG>CA,0.01034928848641656
AG>CC,0.0
AG>CT,0.00258732212160414
AG>GA,0.040103492884864166
AG>GC,0.00517464424320828
AG>GT,0.00517464424320828
AG>TA,0.01034928848641656
AG>TC,0.00258732212160414
AG>TT,0.00258732212160414
AT>CA,0.0
AT>CC,0.01164294954721863
AT>CG,0.0
AT>GA,0.018111254851228976
AT>GC,0.00517464424320828
AT>TA,0.00646830530401035
CA>AC,0.007761966364812419
CA>AG,0.0038809831824062097
CA>AT,0.0129366106080207
CA>GC,0.0
CA>GG,0.0
CA>GT,0.0038809831824062097
CA>TC,0.0129366106080207
CA>TG,0.019404915912031046
CA>TT,0.02457956015523933
CC>AA,0.0258732212160414
CC>AG,0.00517464424320828
CC>AT,0.02069857697283312
CC>GA,0.0
CC>GG,0.0
CC>GT,0.00517464424320828
CC>TA,0.029754204398447608
CC>TG,0.0
CC>TT,0.06597671410090557
CG>AA,0.03492884864165589
CG>AC,0.02328589909443726
CG>AT,0.03492884864165589
CG>GA,0.0
CG>GC,0.0
CG>TA,0.0944372574385511
GA>AC,0.014230271668822769
GA>AG,0.042690815006468305
GA>AT,0.016817593790426907
GA>CC,0.0
GA>CG,0.00258732212160414
GA>CT,0.00517464424320828
GA>TC,0.009055627425614488
GA>TG,0.007761966364812419
GA>TT,0.009055627425614488
GC>AA,0.05304010349288486
GC>AG,0.018111254851228976
GC>AT,0.062095730918499355
GC>CA,0.0
GC>CG,0.0
GC>TA,0.009055627425614488
TA>AC,0.00258732212160414
TA>AG,0.007761966364812419
TA>AT,0.015523932729624839
TA>CC,0.007761966364812419
TA>CG,0.018111254851228976
TA>GC,0.00517464424320828
