Substitution,Proportion_of_mutations
A[C>A]A,0.007390120575651498
A[C>A]C,0.004278490859587709
A[C>A]G,0.0038895371450797353
A[C>A]T,0.011279657720731234
C[C>A]A,0.003500583430571762
C[C>A]C,0.0038895371450797353
C[C>A]G,0.007001166861143524
C[C>A]T,0.0019447685725398677
G[C>A]A,0.003500583430571762
G[C>A]C,0.0038895371450797353
G[C>A]G,0.006223259432127577
G[C>A]T,0.005834305717619603
T[C>A]A,0.006223259432127577
T[C>A]C,0.013224426293271101
T[C>A]G,0.0066122131466355505
T[C>A]T,0.003500583430571762
A[C>G]A,0.0
A[C>G]C,0.0015558148580318942
A[C>G]G,0.0038895371450797353
A[C>G]T,0.0
C[C>G]A,0.0
C[C>G]C,0.005834305717619603
C[C>G]G,0.0019447685725398677
C[C>G]T,0.0
G[C>G]A,0.003500583430571762
G[C>G]C,0.0019447685725398677
G[C>G]G,0.004278490859587709
G[C>G]T,0.0
T[C>G]A,0.0011668611435239206
T[C>G]C,0.0015558148580318942
T[C>G]G,0.0
T[C>G]T,0.0
A[C>T]A,0.03150525087514586
A[C>T]C,0.035783741734733567
A[C>T]G,0.029949436017113962
A[C>T]T,0.013613380007779074
C[C>T]A,0.06573317775184753
C[C>T]C,0.044729677168416956
C[C>T]G,0.034616880591209646
C[C>T]T,0.06301050175029171
G[C>T]A,0.035783741734733567
G[C>T]C,0.024115130299494362
G[C>T]G,0.039673278879813305
G[C>T]T,0.027226760015558148
T[C>T]A,0.022559315441462467
T[C>T]C,0.018280824581874758
T[C>T]G,0.03733955659276546
T[C>T]T,0.014780241151302996
A[T>A]A,0.0
A[T>A]C,0.002333722287047841
A[T>A]G,0.0011668611435239206
A[T>A]T,0.0
C[T>A]A,0.0
C[T>A]C,0.002333722287047841
C[T>A]G,0.010890704006223259
C[T>A]T,0.0015558148580318942
G[T>A]A,0.0
G[T>A]C,0.0
G[T>A]G,0.0054453520031116295
G[T>A]T,0.0
T[T>A]A,0.0
T[T>A]C,0.002333722287047841
T[T>A]G,0.0
T[T>A]T,0.0007779074290159471
A[T>C]A,0.008556981719175419
A[T>C]C,0.007001166861143524
A[T>C]G,0.0066122131466355505
A[T>C]T,0.005056398288603656
C[T>C]A,0.02956048230260599
C[T>C]C,0.020614546868922598
C[T>C]G,0.012835472578763127
C[T>C]T,0.01633605600933489
G[T>C]A,0.034227926876701675
G[T>C]C,0.056787242318164136
G[T>C]G,0.022948269155970438
G[T>C]T,0.023726176584986387
T[T>C]A,0.007001166861143524
T[T>C]C,0.012446518864255154
T[T>C]G,0.004278490859587709
T[T>C]T,0.008168028004667444
A[T>G]A,0.0
A[T>G]C,0.007001166861143524
A[T>G]G,0.0027226760015558148
A[T>G]T,0.0011668611435239206
C[T>G]A,0.0
C[T>G]C,0.002333722287047841
C[T>G]G,0.0019447685725398677
C[T>G]T,0.0
G[T>G]A,0.003500583430571762
G[T>G]C,0.0066122131466355505
G[T>G]G,0.003500583430571762
G[T>G]T,0.009334889148191364
T[T>G]A,0.0
T[T>G]C,0.0
T[T>G]G,0.0015558148580318942
T[T>G]T,0.0007779074290159471
