Substitution,Proportion_of_mutations
A[C>A]A,0.0
A[C>A]C,0.0
A[C>A]G,0.0
A[C>A]T,0.0
C[C>A]A,0.0
C[C>A]C,0.0
C[C>A]G,0.001183431952662722
C[C>A]T,0.0
G[C>A]A,0.0
G[C>A]C,0.0
G[C>A]G,0.0
G[C>A]T,0.0
T[C>A]A,0.0
T[C>A]C,0.0
T[C>A]G,0.0
T[C>A]T,0.0
A[C>G]A,0.005917159763313609
A[C>G]C,0.0
A[C>G]G,0.0035502958579881655
A[C>G]T,0.007100591715976331
C[C>G]A,0.0
C[C>G]C,0.0035502958579881655
C[C>G]G,0.001183431952662722
C[C>G]T,0.0
G[C>G]A,0.0
G[C>G]C,0.0035502958579881655
G[C>G]G,0.004733727810650888
G[C>G]T,0.0
T[C>G]A,0.0
T[C>G]C,0.0
T[C>G]G,0.004733727810650888
T[C>G]T,0.0
A[C>T]A,0.09349112426035502
A[C>T]C,0.03550295857988166
A[C>T]G,0.11242603550295859
A[C>T]T,0.04497041420118343
C[C>T]A,0.04378698224852071
C[C>T]C,0.05562130177514793
C[C>T]G,0.06627218934911243
C[C>T]T,0.03431952662721893
G[C>T]A,0.05207100591715976
G[C>T]C,0.033136094674556214
G[C>T]G,0.07455621301775148
G[C>T]T,0.0378698224852071
T[C>T]A,0.05207100591715976
T[C>T]C,0.0485207100591716
T[C>T]G,0.033136094674556214
T[C>T]T,0.04497041420118343
A[T>A]A,0.0
A[T>A]C,0.0
A[T>A]G,0.0
A[T>A]T,0.0
C[T>A]A,0.0
C[T>A]C,0.0
C[T>A]G,0.0
C[T>A]T,0.0
G[T>A]A,0.0
G[T>A]C,0.0
G[T>A]G,0.002366863905325444
G[T>A]T,0.0
T[T>A]A,0.0
T[T>A]C,0.0
T[T>A]G,0.0
T[T>A]T,0.0
A[T>C]A,0.0
A[T>C]C,0.005917159763313609
A[T>C]G,0.008284023668639054
A[T>C]T,0.0
C[T>C]A,0.0
C[T>C]C,0.0035502958579881655
C[T>C]G,0.005917159763313609
C[T>C]T,0.0
G[T>C]A,0.015384615384615385
G[T>C]C,0.005917159763313609
G[T>C]G,0.008284023668639054
G[T>C]T,0.010650887573964497
T[T>C]A,0.0
T[T>C]C,0.004733727810650888
T[T>C]G,0.010650887573964497
T[T>C]T,0.0
A[T>G]A,0.0
A[T>G]C,0.0
A[T>G]G,0.0
A[T>G]T,0.0
C[T>G]A,0.0
C[T>G]C,0.0035502958579881655
C[T>G]G,0.0
C[T>G]T,0.0
G[T>G]A,0.0
G[T>G]C,0.0
G[T>G]G,0.016568047337278107
G[T>G]T,0.0
T[T>G]A,0.0
T[T>G]C,0.0
T[T>G]G,0.0
T[T>G]T,0.0
