Substitution,Proportion_of_mutations
A[C>A]A,0.0026690391459074734
A[C>A]C,0.0
A[C>A]G,0.0
A[C>A]T,0.0
C[C>A]A,0.0
C[C>A]C,0.002224199288256228
C[C>A]G,0.0
C[C>A]T,0.0
G[C>A]A,0.003113879003558719
G[C>A]C,0.0
G[C>A]G,0.0
G[C>A]T,0.0
T[C>A]A,0.004448398576512456
T[C>A]C,0.0
T[C>A]G,0.0026690391459074734
T[C>A]T,0.0035587188612099642
A[C>G]A,0.0
A[C>G]C,0.0
A[C>G]G,0.0
A[C>G]T,0.0
C[C>G]A,0.0
C[C>G]C,0.0
C[C>G]G,0.0013345195729537367
C[C>G]T,0.0
G[C>G]A,0.0017793594306049821
G[C>G]C,0.0
G[C>G]G,0.0013345195729537367
G[C>G]T,0.0
T[C>G]A,0.0
T[C>G]C,0.0
T[C>G]G,0.0013345195729537367
T[C>G]T,0.0
A[C>T]A,0.11565836298932385
A[C>T]C,0.06005338078291815
A[C>T]G,0.025355871886120998
A[C>T]T,0.003113879003558719
C[C>T]A,0.12811387900355872
C[C>T]C,0.08051601423487545
C[C>T]G,0.030249110320284697
C[C>T]T,0.014234875444839857
G[C>T]A,0.15258007117437722
G[C>T]C,0.061832740213523134
G[C>T]G,0.05382562277580071
G[C>T]T,0.019572953736654804
T[C>T]A,0.08896797153024912
T[C>T]C,0.04581850533807829
T[C>T]G,0.03425266903914591
T[C>T]T,0.017348754448398576
A[T>A]A,0.0
A[T>A]C,0.0
A[T>A]G,0.0
A[T>A]T,0.0
C[T>A]A,0.0
C[T>A]C,0.0
C[T>A]G,0.0
C[T>A]T,0.0
G[T>A]A,0.0
G[T>A]C,0.0
G[T>A]G,0.0
G[T>A]T,0.0
T[T>A]A,0.0
T[T>A]C,0.0
T[T>A]G,0.0
T[T>A]T,0.0
A[T>C]A,0.0
A[T>C]C,0.007562277580071174
A[T>C]G,0.0026690391459074734
A[T>C]T,0.0
C[T>C]A,0.0
C[T>C]C,0.01912811387900356
C[T>C]G,0.0017793594306049821
C[T>C]T,0.003113879003558719
G[T>C]A,0.0
G[T>C]C,0.0017793594306049821
G[T>C]G,0.0035587188612099642
G[T>C]T,0.002224199288256228
T[T>C]A,0.0
T[T>C]C,0.0
T[T>C]G,0.0
T[T>C]T,0.0
A[T>G]A,0.0
A[T>G]C,0.0
A[T>G]G,0.0
A[T>G]T,0.0
C[T>G]A,0.0
C[T>G]C,0.0
C[T>G]G,0.0
C[T>G]T,0.0
G[T>G]A,0.0
G[T>G]C,0.0
G[T>G]G,0.0
G[T>G]T,0.002224199288256228
T[T>G]A,0.0
T[T>G]C,0.0
T[T>G]G,0.0
T[T>G]T,0.0
