Substitution,Proportion_of_mutations
A[C>A]A,0.006830601
A[C>A]C,0
A[C>A]G,0.000979112
A[C>A]T,0.008196721
C[C>A]A,0.000652742
C[C>A]C,0.001631854
C[C>A]G,0.000326371
C[C>A]T,0.006117222
G[C>A]A,0.000652742
G[C>A]C,0.00273224
G[C>A]G,0.006362716
G[C>A]T,0.010645933
T[C>A]A,0
T[C>A]C,0.004098361
T[C>A]G,0.003304105
T[C>A]T,0
A[C>G]A,0.112303651
A[C>G]C,0.162574811
A[C>G]G,0.105114294
A[C>G]T,0.07764998
C[C>G]A,0.000652742
C[C>G]C,0.018665718
C[C>G]G,0.002264355
C[C>G]T,0.003875969
G[C>G]A,0.005181452
G[C>G]C,0.028665069
G[C>G]G,0.012116032
G[C>G]T,0.005016836
T[C>G]A,0
T[C>G]C,0.000979112
T[C>G]G,0.005813953
T[C>G]T,0
A[C>T]A,0.020110602
A[C>T]C,0.009138381
A[C>T]G,0.011073421
A[C>T]T,0.003916449
C[C>T]A,0.006201044
C[C>T]C,0.008933285
C[C>T]G,0.019714572
C[C>T]T,0.021540304
G[C>T]A,0.005874674
G[C>T]C,0.007546925
G[C>T]G,0.016612619
G[C>T]T,0.023844308
T[C>T]A,0.008075447
T[C>T]C,0.022640774
T[C>T]G,0.010686413
T[C>T]T,0.016644909
A[T>A]A,0
A[T>A]C,0
A[T>A]G,0
A[T>A]T,0
C[T>A]A,0
C[T>A]C,0
C[T>A]G,0.001958225
C[T>A]T,0
G[T>A]A,0.011627907
G[T>A]C,0
G[T>A]G,0.005813953
G[T>A]T,0
T[T>A]A,0
T[T>A]C,0.005813953
T[T>A]G,0
T[T>A]T,0
A[T>C]A,0.00424282
A[T>C]C,0.010770235
A[T>C]G,0.004569191
A[T>C]T,0
C[T>C]A,0
C[T>C]C,0.012667739
C[T>C]G,0.007688439
C[T>C]T,0.002284595
G[T>C]A,0.019787176
G[T>C]C,0.023784585
G[T>C]G,0.012341369
G[T>C]T,0.011096606
T[T>C]A,0.010117493
T[T>C]C,0.007832898
T[T>C]G,0
T[T>C]T,0.002937337
A[T>G]A,0
A[T>G]C,0
A[T>G]G,0.001305483
A[T>G]T,0
C[T>G]A,0
C[T>G]C,0.000979112
C[T>G]G,0.000979112
C[T>G]T,0.007751938
G[T>G]A,0.001958225
G[T>G]C,0.005016836
G[T>G]G,0.019736842
G[T>G]T,0
T[T>G]A,0
T[T>G]C,0.000979112
T[T>G]G,0
T[T>G]T,0
