Substitution,Proportion_of_mutations
AA>CC,0.0009832841691248771
AA>CG,0.004916420845624385
AA>CT,0.004916420845624385
AA>GC,0.004916420845624385
AA>GG,0.01376597836774828
AA>GT,0.008849557522123894
AA>TC,0.0
AA>TG,0.0058997050147492625
AA>TT,0.0058997050147492625
AC>CA,0.0058997050147492625
AC>CG,0.0
AC>CT,0.00983284169124877
AC>GA,0.017699115044247787
AC>GG,0.003933136676499509
AC>GT,0.04424778761061947
AC>TA,0.0019665683382497543
AC>TG,0.0019665683382497543
AC>TT,0.007866273352999017
AG>CA,0.00983284169124877
AG>CC,0.003933136676499509
AG>CT,0.003933136676499509
AG>GA,0.04228121927236971
AG>GC,0.00983284169124877
AG>GT,0.011799410029498525
AG>TA,0.02654867256637168
AG>TC,0.0
AG>TT,0.0
AT>CA,0.0019665683382497543
AT>CC,0.003933136676499509
AT>CG,0.0
AT>GA,0.008849557522123894
AT>GC,0.008849557522123894
AT>TA,0.010816125860373648
CA>AC,0.0019665683382497543
CA>AG,0.004916420845624385
CA>AT,0.010816125860373648
CA>GC,0.0029498525073746312
CA>GG,0.0019665683382497543
CA>GT,0.0
CA>TC,0.00983284169124877
CA>TG,0.03048180924287119
CA>TT,0.02654867256637168
CC>AA,0.011799410029498525
CC>AG,0.0
CC>AT,0.007866273352999017
CC>GA,0.003933136676499509
CC>GG,0.0
CC>GT,0.003933136676499509
CC>TA,0.01966568338249754
CC>TG,0.007866273352999017
CC>TT,0.13470993117010815
CG>AA,0.04424778761061947
CG>AC,0.0
CG>AT,0.008849557522123894
CG>GA,0.008849557522123894
CG>GC,0.0
CG>TA,0.1160275319567355
GA>AC,0.0058997050147492625
GA>AG,0.04129793510324484
GA>AT,0.014749262536873156
GA>CC,0.0
GA>CG,0.0
GA>CT,0.0058997050147492625
GA>TC,0.017699115044247787
GA>TG,0.003933136676499509
GA>TT,0.00688298918387414
GC>AA,0.04031465093411996
GC>AG,0.01376597836774828
GC>AT,0.04031465093411996
GC>CA,0.00688298918387414
GC>CG,0.0
GC>TA,0.0
TA>AC,0.0019665683382497543
TA>AG,0.02359882005899705
TA>AT,0.0058997050147492625
TA>CC,0.011799410029498525
TA>CG,0.015732546705998034
TA>GC,0.0
