MutationsType,SBS96E
A[C>A]A,0.00919637
A[C>A]C,0.01068513
A[C>A]G,0.01364536
A[C>A]T,0.00877875
C[C>A]A,0.00530838
C[C>A]C,0.00828851
C[C>A]G,0.01171065
C[C>A]T,0.00691031
G[C>A]A,0.00819298
G[C>A]C,0.0070482
G[C>A]G,0.0107179
G[C>A]T,0.00637279
T[C>A]A,0.00642115
T[C>A]C,0.00713315
T[C>A]G,0.00857164
T[C>A]T,0.00791085
A[C>G]A,0.00334185
A[C>G]C,0.00820891
A[C>G]G,0.00375959
A[C>G]T,0.00738663
C[C>G]A,0.00669887
C[C>G]C,0.01185543
C[C>G]G,0.00554034
C[C>G]T,0.00957414
G[C>G]A,0.00446865
G[C>G]C,0.00637236
G[C>G]G,0.00500957
G[C>G]T,0.00618887
T[C>G]A,0.00510729
T[C>G]C,0.00733226
T[C>G]G,0.00400562
T[C>G]T,0.00729418
A[C>T]A,0.04133482
A[C>T]C,0.03097202
A[C>T]G,0.04223549
A[C>T]T,0.03007979
C[C>T]A,0.04046779
C[C>T]C,0.03592373
C[C>T]G,0.0398031
C[C>T]T,0.03713507
G[C>T]A,0.03056835
G[C>T]C,0.03037436
G[C>T]G,0.03322979
G[C>T]T,0.02777562
T[C>T]A,0.03290682
T[C>T]C,0.02614703
T[C>T]G,0.03271361
T[C>T]T,0.02525439
A[T>A]A,0.00083967
A[T>A]C,0.00126385
A[T>A]G,0.00058729
A[T>A]T,0.00124477
C[T>A]A,0.00223475
C[T>A]C,0.00175428
C[T>A]G,0.00139949
C[T>A]T,0.00217467
G[T>A]A,0.0002193
G[T>A]C,0.00100862
G[T>A]G,0.00041781
G[T>A]T,0.00133281
T[T>A]A,0.00217479
T[T>A]C,0.00083688
T[T>A]G,0.00146101
T[T>A]T,0.00265811
A[T>C]A,0.00701698
A[T>C]C,0.01209713
A[T>C]G,0.0160611
A[T>C]T,0.00316592
C[T>C]A,0
C[T>C]C,0.00664161
C[T>C]G,0.00621627
C[T>C]T,0.00118328
G[T>C]A,0.00854247
G[T>C]C,0.00696266
G[T>C]G,0.0113762
G[T>C]T,0.00690238
T[T>C]A,0.0006879
T[T>C]C,0.00390739
T[T>C]G,0.00828286
T[T>C]T,0.00007313
A[T>G]A,0.00153177
A[T>G]C,0.00458426
A[T>G]G,0.00258714
A[T>G]T,0.00300469
C[T>G]A,0.01068235
C[T>G]C,0.01326898
C[T>G]G,0.01286133
C[T>G]T,0.01792518
G[T>G]A,0.00372648
G[T>G]C,0.0076824
G[T>G]G,0.0089109
G[T>G]T,0.00642092
T[T>G]A,0.000046
T[T>G]C,0.00397235
T[T>G]G,0.00416981
T[T>G]T,0.00194162