Substitution,Proportion_of_mutations
AA>CC,0.0
AA>CG,0.008571428571428572
AA>CT,0.014285714285714285
AA>GC,0.0
AA>GG,0.05142857142857143
AA>GT,0.0
AA>TC,0.0
AA>TG,0.014285714285714285
AA>TT,0.008571428571428572
AC>CA,0.005714285714285714
AC>CG,0.0
AC>CT,0.005714285714285714
AC>GA,0.0
AC>GG,0.017142857142857144
AC>GT,0.045714285714285714
AC>TA,0.0
AC>TG,0.0
AC>TT,0.017142857142857144
AG>CA,0.0
AG>CC,0.011428571428571429
AG>CT,0.02
AG>GA,0.025714285714285714
AG>GC,0.0
AG>GT,0.005714285714285714
AG>TA,0.0
AG>TC,0.0
AG>TT,0.005714285714285714
AT>CA,0.011428571428571429
AT>CC,0.011428571428571429
AT>CG,0.0
AT>GA,0.0
AT>GC,0.0
AT>TA,0.0
CA>AC,0.008571428571428572
CA>AG,0.002857142857142857
CA>AT,0.0
CA>GC,0.017142857142857144
CA>GG,0.008571428571428572
CA>GT,0.0
CA>TC,0.0
CA>TG,0.03428571428571429
CA>TT,0.002857142857142857
CC>AA,0.0
CC>AG,0.0
CC>AT,0.0
CC>GA,0.002857142857142857
CC>GG,0.0
CC>GT,0.002857142857142857
CC>TA,0.0
CC>TG,0.005714285714285714
CC>TT,0.3657142857142857
CG>AA,0.005714285714285714
CG>AC,0.0
CG>AT,0.005714285714285714
CG>GA,0.011428571428571429
CG>GC,0.0
CG>TA,0.02857142857142857
GA>AC,0.0
GA>AG,0.022857142857142857
GA>AT,0.0
GA>CC,0.008571428571428572
GA>CG,0.002857142857142857
GA>CT,0.0
GA>TC,0.0
GA>TG,0.011428571428571429
GA>TT,0.0
GC>AA,0.005714285714285714
GC>AG,0.005714285714285714
GC>AT,0.02
GC>CA,0.005714285714285714
GC>CG,0.014285714285714285
GC>TA,0.0
TA>AC,0.0
TA>AG,0.04857142857142857
TA>AT,0.0
TA>CC,0.07142857142857142
TA>CG,0.0
TA>GC,0.0
