True_positive_rate,False_positive_rate
0.0,0.0
0.002277904328018223,0.0
1.0,0.0
1.0,0.1051693404634581
1.0,0.10873440285204991
1.0,1.0
