True_positive_rate,False_positive_rate
0.0,0.0
1.0,0.1824561403508772
1.0,0.38596491228070173
1.0,1.0
