Substitution,Proportion_of_mutations
A[C>A]A,0.0027808676307007787
A[C>A]C,0.002224694104560623
A[C>A]G,0.0033370411568409346
A[C>A]T,0.0
C[C>A]A,0.0016685205784204673
C[C>A]C,0.008342602892102336
C[C>A]G,0.007230255839822024
C[C>A]T,0.0027808676307007787
G[C>A]A,0.005005561735261402
G[C>A]C,0.00778642936596218
G[C>A]G,0.00778642936596218
G[C>A]T,0.010011123470522803
T[C>A]A,0.0033370411568409346
T[C>A]C,0.002224694104560623
T[C>A]G,0.00389321468298109
T[C>A]T,0.010567296996662959
A[C>G]A,0.0027808676307007787
A[C>G]C,0.002224694104560623
A[C>G]G,0.0
A[C>G]T,0.0033370411568409346
C[C>G]A,0.0
C[C>G]C,0.0
C[C>G]G,0.0
C[C>G]T,0.0
G[C>G]A,0.0016685205784204673
G[C>G]C,0.0
G[C>G]G,0.0
G[C>G]T,0.0016685205784204673
T[C>G]A,0.0
T[C>G]C,0.0
T[C>G]G,0.0
T[C>G]T,0.0
A[C>T]A,0.052836484983314794
A[C>T]C,0.03281423804226919
A[C>T]G,0.026696329254727477
A[C>T]T,0.01946607341490545
C[C>T]A,0.07897664071190211
C[C>T]C,0.04449388209121246
C[C>T]G,0.059510567296996664
C[C>T]T,0.06896551724137931
G[C>T]A,0.04505005561735261
G[C>T]C,0.02502780867630701
G[C>T]G,0.035038932146829814
G[C>T]T,0.03225806451612903
T[C>T]A,0.021690767519466074
T[C>T]C,0.02614015572858732
T[C>T]G,0.026696329254727477
T[C>T]T,0.013348164627363738
A[T>A]A,0.0
A[T>A]C,0.0
A[T>A]G,0.0
A[T>A]T,0.0
C[T>A]A,0.004449388209121246
C[T>A]C,0.0033370411568409346
C[T>A]G,0.0027808676307007787
C[T>A]T,0.0
G[T>A]A,0.0
G[T>A]C,0.0
G[T>A]G,0.0027808676307007787
G[T>A]T,0.0
T[T>A]A,0.0
T[T>A]C,0.0
T[T>A]G,0.0
T[T>A]T,0.0
A[T>C]A,0.006117908787541713
A[T>C]C,0.01167964404894327
A[T>C]G,0.009454949944382647
A[T>C]T,0.0055617352614015575
C[T>C]A,0.018909899888765295
C[T>C]C,0.012791991101223582
C[T>C]G,0.01668520578420467
C[T>C]T,0.01835372636262514
G[T>C]A,0.02836484983314794
G[T>C]C,0.05728587319243604
G[T>C]G,0.03281423804226919
G[T>C]T,0.02224694104560623
T[T>C]A,0.008342602892102336
T[T>C]C,0.008898776418242492
T[T>C]G,0.00389321468298109
T[T>C]T,0.00389321468298109
A[T>G]A,0.0
A[T>G]C,0.0016685205784204673
A[T>G]G,0.0
A[T>G]T,0.0033370411568409346
C[T>G]A,0.0
C[T>G]C,0.0
C[T>G]G,0.0
C[T>G]T,0.002224694104560623
G[T>G]A,0.0
G[T>G]C,0.005005561735261402
G[T>G]G,0.00778642936596218
G[T>G]T,0.0016685205784204673
T[T>G]A,0.0
T[T>G]C,0.0
T[T>G]G,0.0
T[T>G]T,0.0
