Substitution,Proportion_of_mutations
A[C>A]A,0.010577705451586655
A[C>A]C,0.0
A[C>A]G,0.0024410089503661514
A[C>A]T,0.0040683482506102524
C[C>A]A,0.007323026851098454
C[C>A]C,0.015459723352318959
C[C>A]G,0.009764035801464606
C[C>A]T,0.011391375101708706
G[C>A]A,0.0024410089503661514
G[C>A]C,0.0040683482506102524
G[C>A]G,0.009764035801464606
G[C>A]T,0.009764035801464606
T[C>A]A,0.0024410089503661514
T[C>A]C,0.009764035801464606
T[C>A]G,0.008136696501220505
T[C>A]T,0.007323026851098454
A[C>G]A,0.0
A[C>G]C,0.0
A[C>G]G,0.0024410089503661514
A[C>G]T,0.0040683482506102524
C[C>G]A,0.0024410089503661514
C[C>G]C,0.0
C[C>G]G,0.0
C[C>G]T,0.0
G[C>G]A,0.0024410089503661514
G[C>G]C,0.0016273393002441008
G[C>G]G,0.0016273393002441008
G[C>G]T,0.0
T[C>G]A,0.0
T[C>G]C,0.0
T[C>G]G,0.0
T[C>G]T,0.0
A[C>T]A,0.03254678600488202
A[C>T]C,0.022782750203417412
A[C>T]G,0.05044751830756713
A[C>T]T,0.013018714401952807
C[C>T]A,0.0886899918633035
C[C>T]C,0.03824247355573637
C[C>T]G,0.05207485760781123
C[C>T]T,0.06265256305939788
G[C>T]A,0.025223759153783564
G[C>T]C,0.03173311635475997
G[C>T]G,0.04231082180634662
G[C>T]T,0.03498779495524817
T[C>T]A,0.030105777054515868
T[C>T]C,0.029292107404393815
T[C>T]G,0.024410089503661515
T[C>T]T,0.0032546786004882017
A[T>A]A,0.005695687550854353
A[T>A]C,0.007323026851098454
A[T>A]G,0.0024410089503661514
A[T>A]T,0.0
C[T>A]A,0.013018714401952807
C[T>A]C,0.0
C[T>A]G,0.009764035801464606
C[T>A]T,0.0
G[T>A]A,0.0
G[T>A]C,0.006509357200976403
G[T>A]G,0.010577705451586655
G[T>A]T,0.0
T[T>A]A,0.005695687550854353
T[T>A]C,0.004882017900732303
T[T>A]G,0.005695687550854353
T[T>A]T,0.0
A[T>C]A,0.011391375101708706
A[T>C]C,0.004882017900732303
A[T>C]G,0.010577705451586655
A[T>C]T,0.007323026851098454
C[T>C]A,0.013018714401952807
C[T>C]C,0.008950366151342554
C[T>C]G,0.009764035801464606
C[T>C]T,0.009764035801464606
G[T>C]A,0.010577705451586655
G[T>C]C,0.02034174125305126
G[T>C]G,0.013832384052074858
G[T>C]T,0.004882017900732303
T[T>C]A,0.008136696501220505
T[T>C]C,0.014646053702196907
T[T>C]G,0.005695687550854353
T[T>C]T,0.010577705451586655
A[T>G]A,0.0024410089503661514
A[T>G]C,0.007323026851098454
A[T>G]G,0.0
A[T>G]T,0.004882017900732303
C[T>G]A,0.0
C[T>G]C,0.0
C[T>G]G,0.0016273393002441008
C[T>G]T,0.009764035801464606
G[T>G]A,0.0
G[T>G]C,0.0032546786004882017
G[T>G]G,0.007323026851098454
G[T>G]T,0.010577705451586655
T[T>G]A,0.0024410089503661514
T[T>G]C,0.0
T[T>G]G,0.0032546786004882017
T[T>G]T,0.0
