Substitution,Proportion_of_mutations
A[C>A]A,0.001668752607425949
A[C>A]C,0.0012515644555694619
A[C>A]G,0.0012515644555694619
A[C>A]T,0.006675010429703796
C[C>A]A,0.0
C[C>A]C,0.0037546933667083854
C[C>A]G,0.002920317062995411
C[C>A]T,0.005840634125990822
G[C>A]A,0.0012515644555694619
G[C>A]C,0.0020859407592824365
G[C>A]G,0.004171881518564873
G[C>A]T,0.005840634125990822
T[C>A]A,0.0050062578222778474
T[C>A]C,0.0050062578222778474
T[C>A]G,0.004171881518564873
T[C>A]T,0.001668752607425949
A[C>G]A,0.0037546933667083854
A[C>G]C,0.0
A[C>G]G,0.0
A[C>G]T,0.0020859407592824365
C[C>G]A,0.0
C[C>G]C,0.0
C[C>G]G,0.002920317062995411
C[C>G]T,0.0020859407592824365
G[C>G]A,0.0
G[C>G]C,0.0008343763037129745
G[C>G]G,0.0
G[C>G]T,0.0
T[C>G]A,0.0012515644555694619
T[C>G]C,0.001668752607425949
T[C>G]G,0.0
T[C>G]T,0.0
A[C>T]A,0.0392156862745098
A[C>T]C,0.02920317062995411
A[C>T]G,0.03087192323738006
A[C>T]T,0.020442219440967878
C[C>T]A,0.06633291614518148
C[C>T]C,0.03128911138923655
C[C>T]G,0.06341259908218606
C[C>T]T,0.07926574885273258
G[C>T]A,0.03546099290780142
G[C>T]C,0.03170629954109303
G[C>T]G,0.03254067584480601
G[C>T]T,0.03128911138923655
T[C>T]A,0.0229453483521068
T[C>T]C,0.028368794326241134
T[C>T]G,0.019190654985398414
T[C>T]T,0.024196912807676264
A[T>A]A,0.004171881518564873
A[T>A]C,0.0
A[T>A]G,0.0
A[T>A]T,0.0012515644555694619
C[T>A]A,0.0
C[T>A]C,0.0025031289111389237
C[T>A]G,0.0020859407592824365
C[T>A]T,0.003337505214851898
G[T>A]A,0.0
G[T>A]C,0.003337505214851898
G[T>A]G,0.0
G[T>A]T,0.0012515644555694619
T[T>A]A,0.005840634125990822
T[T>A]C,0.0
T[T>A]G,0.002920317062995411
T[T>A]T,0.002920317062995411
A[T>C]A,0.010012515644555695
A[T>C]C,0.0070921985815602835
A[T>C]G,0.014601585314977055
A[T>C]T,0.016270337922403004
C[T>C]A,0.027117229870671673
C[T>C]C,0.020859407592824362
C[T>C]G,0.005840634125990822
C[T>C]T,0.028368794326241134
G[T>C]A,0.022110972048393827
G[T>C]C,0.040884438881935756
G[T>C]G,0.0196078431372549
G[T>C]T,0.026700041718815185
T[T>C]A,0.017521902377972465
T[T>C]C,0.0037546933667083854
T[T>C]G,0.00458906967042136
T[T>C]T,0.0037546933667083854
A[T>G]A,0.0
A[T>G]C,0.00458906967042136
A[T>G]G,0.0
A[T>G]T,0.0
C[T>G]A,0.0
C[T>G]C,0.00917813934084272
C[T>G]G,0.002920317062995411
C[T>G]T,0.001668752607425949
G[T>G]A,0.001668752607425949
G[T>G]C,0.010429703796412181
G[T>G]G,0.0070921985815602835
G[T>G]T,0.004171881518564873
T[T>G]A,0.0
T[T>G]C,0.0012515644555694619
T[T>G]G,0.0
T[T>G]T,0.005423445974134335
