Substitution,Proportion_of_mutations
A[C>A]A,0.004558775643112993
A[C>A]C,0.0035818951481602084
A[C>A]G,0.0032562683165092803
A[C>A]T,0.0019537609899055682
C[C>A]A,0.0016281341582546401
C[C>A]C,0.004233148811462064
C[C>A]G,0.0026050146532074245
C[C>A]T,0.0013025073266037122
G[C>A]A,0.0016281341582546401
G[C>A]C,0.002930641484858352
G[C>A]G,0.0022793878215564964
G[C>A]T,0.0019537609899055682
T[C>A]A,0.0
T[C>A]C,0.0019537609899055682
T[C>A]G,0.002930641484858352
T[C>A]T,0.0035818951481602084
A[C>G]A,0.002930641484858352
A[C>G]C,0.0016281341582546401
A[C>G]G,0.0009768804949527841
A[C>G]T,0.0
C[C>G]A,0.0
C[C>G]C,0.0032562683165092803
C[C>G]G,0.0016281341582546401
C[C>G]T,0.0013025073266037122
G[C>G]A,0.0
G[C>G]C,0.0019537609899055682
G[C>G]G,0.0016281341582546401
G[C>G]T,0.0019537609899055682
T[C>G]A,0.0022793878215564964
T[C>G]C,0.0019537609899055682
T[C>G]G,0.0022793878215564964
T[C>G]T,0.0035818951481602084
A[C>T]A,0.08726799088244871
A[C>T]C,0.06317160534028005
A[C>T]G,0.11006186909801367
A[C>T]T,0.01823510257245197
C[C>T]A,0.026701400195376097
C[C>T]C,0.018886356235753826
C[C>T]G,0.02963204168023445
C[C>T]T,0.004558775643112993
G[C>T]A,0.03907521979811136
G[C>T]C,0.042005861282969716
G[C>T]G,0.05405405405405406
G[C>T]T,0.019211983067404754
T[C>T]A,0.03516769781830023
T[C>T]C,0.039400846629762294
T[C>T]G,0.07098664929990231
T[C>T]T,0.010420058612829698
A[T>A]A,0.0
A[T>A]C,0.0
A[T>A]G,0.0
A[T>A]T,0.0026050146532074245
C[T>A]A,0.0039075219798111365
C[T>A]C,0.0
C[T>A]G,0.0009768804949527841
C[T>A]T,0.0
G[T>A]A,0.0
G[T>A]C,0.0
G[T>A]G,0.0
G[T>A]T,0.0
T[T>A]A,0.0
T[T>A]C,0.0
T[T>A]G,0.002930641484858352
T[T>A]T,0.0
A[T>C]A,0.011396939107782481
A[T>C]C,0.008791924454575058
A[T>C]G,0.029957668511885378
A[T>C]T,0.005210029306414849
C[T>C]A,0.02311950504721589
C[T>C]C,0.007489417127971344
C[T>C]G,0.010745685444480626
C[T>C]T,0.008466297622924128
G[T>C]A,0.014327580592640833
G[T>C]C,0.00976880494952784
G[T>C]G,0.011722565939433409
G[T>C]T,0.017258222077499184
T[T>C]A,0.03353956366004559
T[T>C]C,0.007163790296320417
T[T>C]G,0.01660696841419733
T[T>C]T,0.0065125366330185605
A[T>G]A,0.0
A[T>G]C,0.0
A[T>G]G,0.0
A[T>G]T,0.0
C[T>G]A,0.0
C[T>G]C,0.0
C[T>G]G,0.0032562683165092803
C[T>G]T,0.0032562683165092803
G[T>G]A,0.0
G[T>G]C,0.0006512536633018561
G[T>G]G,0.0006512536633018561
G[T>G]T,0.002930641484858352
T[T>G]A,0.01660696841419733
T[T>G]C,0.0022793878215564964
T[T>G]G,0.0013025073266037122
T[T>G]T,0.0
