Substitution,Proportion_of_mutations
A[C>A]A,0.007692308
A[C>A]C,0.009230769
A[C>A]G,0
A[C>A]T,0
C[C>A]A,0
C[C>A]C,0
C[C>A]G,0.004615385
C[C>A]T,0
G[C>A]A,0.010769231
G[C>A]C,0
G[C>A]G,0.007692308
G[C>A]T,0
T[C>A]A,0.006153846
T[C>A]C,0
T[C>A]G,0.001538462
T[C>A]T,0
A[C>G]A,0
A[C>G]C,0.009230769
A[C>G]G,0.004615385
A[C>G]T,0.009230769
C[C>G]A,0.009230769
C[C>G]C,0
C[C>G]G,0
C[C>G]T,0
G[C>G]A,0.003076923
G[C>G]C,0.006153846
G[C>G]G,0
G[C>G]T,0.003076923
T[C>G]A,0
T[C>G]C,0
T[C>G]G,0.001538462
T[C>G]T,0
A[C>T]A,0
A[C>T]C,0.006153846
A[C>T]G,0.007692308
A[C>T]T,0.009230769
C[C>T]A,0.006153846
C[C>T]C,0.007692308
C[C>T]G,0.004615385
C[C>T]T,0.003076923
G[C>T]A,0.010769231
G[C>T]C,0.004615385
G[C>T]G,0.007692308
G[C>T]T,0.006153846
T[C>T]A,0.006153846
T[C>T]C,0.004615385
T[C>T]G,0.013846154
T[C>T]T,0
A[T>A]A,0
A[T>A]C,0
A[T>A]G,0.006153846
A[T>A]T,0
C[T>A]A,0
C[T>A]C,0
C[T>A]G,0.007692308
C[T>A]T,0
G[T>A]A,0
G[T>A]C,0
G[T>A]G,0
G[T>A]T,0
T[T>A]A,0
T[T>A]C,0
T[T>A]G,0
T[T>A]T,0
A[T>C]A,0
A[T>C]C,0.004615385
A[T>C]G,0.010769231
A[T>C]T,0.015384615
C[T>C]A,0
C[T>C]C,0.004615385
C[T>C]G,0
C[T>C]T,0
G[T>C]A,0.018461538
G[T>C]C,0.003076923
G[T>C]G,0.009230769
G[T>C]T,0.016923077
T[T>C]A,0
T[T>C]C,0.004615385
T[T>C]G,0.012307692
T[T>C]T,0.013846154
A[T>G]A,0.06
A[T>G]C,0.026153846
A[T>G]G,0.049230769
A[T>G]T,0.061538462
C[T>G]A,0
C[T>G]C,0.053846154
C[T>G]G,0.058461538
C[T>G]T,0.061538462
G[T>G]A,0.018461538
G[T>G]C,0.050769231
G[T>G]G,0.013846154
G[T>G]T,0.023076923
T[T>G]A,0.047692308
T[T>G]C,0.083076923
T[T>G]G,0.044615385
T[T>G]T,0.027692308
