Substitution,Proportion_of_mutations
A[C>A]A,0.003849293
A[C>A]C,0.003583444
A[C>A]G,0.005758569
A[C>A]T,0.006355932
C[C>A]A,0.017743123
C[C>A]C,0.056329242
C[C>A]G,0.05191538
C[C>A]T,0.069937385
G[C>A]A,0.005410021
G[C>A]C,0.016769239
G[C>A]G,0.017354464
G[C>A]T,0.01689839
T[C>A]A,0.024097184
T[C>A]C,0.024542519
T[C>A]G,0.034529841
T[C>A]T,0.056254309
A[C>G]A,0
A[C>G]C,0.005777651
A[C>G]G,0.001807362
A[C>G]T,0.008514502
C[C>G]A,0.002047671
C[C>G]C,0.002420529
C[C>G]G,0.001765537
C[C>G]T,0.002118644
G[C>G]A,0
G[C>G]C,0.002392924
G[C>G]G,0
G[C>G]T,0.001544851
T[C>G]A,0
T[C>G]C,0.002895741
T[C>G]G,0
T[C>G]T,0.008625599
A[C>T]A,0.014441575
A[C>T]C,0.031124847
A[C>T]G,0.010222181
A[C>T]T,0.015175626
C[C>T]A,0.009315582
C[C>T]C,0.006002825
C[C>T]G,0.059691139
C[C>T]T,0.003531073
G[C>T]A,0.013076244
G[C>T]C,0.012680288
G[C>T]G,0.031149308
G[C>T]T,0.006974078
T[C>T]A,0.009248785
T[C>T]C,0.001765537
T[C>T]G,0.009227674
T[C>T]T,0.00529661
A[T>A]A,0
A[T>A]C,0.002425674
A[T>A]G,0.001821437
A[T>A]T,0
C[T>A]A,0
C[T>A]C,0
C[T>A]G,0.001059322
C[T>A]T,0
G[T>A]A,0
G[T>A]C,0.000859125
G[T>A]G,0.000811137
G[T>A]T,0
T[T>A]A,0
T[T>A]C,0
T[T>A]G,0
T[T>A]T,0
A[T>C]A,0.008719448
A[T>C]C,0.002118644
A[T>C]G,0.025201497
A[T>C]T,0.00311836
C[T>C]A,0.03851807
C[T>C]C,0.003884181
C[T>C]G,0.018311834
C[T>C]T,0.001984194
G[T>C]A,0.029519632
G[T>C]C,0.030960139
G[T>C]G,0.007062147
G[T>C]T,0.031433815
T[T>C]A,0.034210061
T[T>C]C,0.004342124
T[T>C]G,0.014013453
T[T>C]T,0
A[T>G]A,0.004590395
A[T>G]C,0.001059322
A[T>G]G,0.002471751
A[T>G]T,0
C[T>G]A,0
C[T>G]C,0
C[T>G]G,0.000706215
C[T>G]T,0.001636709
G[T>G]A,0
G[T>G]C,0.001765537
G[T>G]G,0.002118644
G[T>G]T,0.002471751
T[T>G]A,0.031583339
T[T>G]C,0.001059322
T[T>G]G,0
T[T>G]T,0
