Substitution,Proportion_of_mutations
A[C>A]A,0.000836143
A[C>A]C,0.000431245
A[C>A]G,0.000807409
A[C>A]T,0
C[C>A]A,0.00059777
C[C>A]C,0.00045787
C[C>A]G,0.001333149
C[C>A]T,0.000334259
G[C>A]A,0.001320308
G[C>A]C,0.000860853
G[C>A]G,0.00167615
G[C>A]T,0.000769409
T[C>A]A,0.00138461
T[C>A]C,0.00063501
T[C>A]G,0.001624852
T[C>A]T,0.001021229
A[C>G]A,0.000678472
A[C>G]C,0.001618854
A[C>G]G,0.001150362
A[C>G]T,0.001423962
C[C>G]A,0.000568525
C[C>G]C,0.000438548
C[C>G]G,0.000705137
C[C>G]T,0.000401371
G[C>G]A,0.000431094
G[C>G]C,0.002351012
G[C>G]G,0.001035394
G[C>G]T,0.00164689
T[C>G]A,0.000707841
T[C>G]C,0.000643417
T[C>G]G,0.000421857
T[C>G]T,0.000147649
A[C>T]A,0.025603157
A[C>T]C,0.030381557
A[C>T]G,0.029018399
A[C>T]T,0.005295533
C[C>T]A,0.021851167
C[C>T]C,0.052247197
C[C>T]G,0.058179728
C[C>T]T,0.010266275
G[C>T]A,0.027568384
G[C>T]C,0.049054153
G[C>T]G,0.042647303
G[C>T]T,0.01050646
T[C>T]A,0.015064879
T[C>T]C,0.018570756
T[C>T]G,0.024559042
T[C>T]T,0.00642545
A[T>A]A,0.001523047
A[T>A]C,0.001091721
A[T>A]G,0.000486592
A[T>A]T,0.000641916
C[T>A]A,0.000492126
C[T>A]C,0.000397697
C[T>A]G,0.001284248
C[T>A]T,0.000221631
G[T>A]A,0.000489716
G[T>A]C,0.000304207
G[T>A]G,0.001020109
G[T>A]T,9.35E-05
T[T>A]A,0.000724841
T[T>A]C,0.000558757
T[T>A]G,0.000326477
T[T>A]T,0.00028006
A[T>C]A,0.015416412
A[T>C]C,0.012365486
A[T>C]G,0.013843564
A[T>C]T,0.009615592
C[T>C]A,0.028655436
C[T>C]C,0.021017229
C[T>C]G,0.045242954
C[T>C]T,0.024787851
G[T>C]A,0.088316939
G[T>C]C,0.061130151
G[T>C]G,0.103501745
G[T>C]T,0.071193291
T[T>C]A,0.007100248
T[T>C]C,0.00750602
T[T>C]G,0.004075529
T[T>C]T,0.005175251
A[T>G]A,0
A[T>G]C,0.000368254
A[T>G]G,0.000223157
A[T>G]T,0.000408097
C[T>G]A,0.000184547
C[T>G]C,0.000430744
C[T>G]G,0.000642747
C[T>G]T,0.000704683
G[T>G]A,0.000314674
G[T>G]C,0.002375091
G[T>G]G,0.001978061
G[T>G]T,0.000926791
T[T>G]A,0.004367148
T[T>G]C,0.000541388
T[T>G]G,0.000581345
T[T>G]T,0.00137281
