Substitution,Proportion_of_mutations
A[C>A]A,0
A[C>A]C,0.000524659
A[C>A]G,0.000262329
A[C>A]T,0.001573977
C[C>A]A,0.00297619
C[C>A]C,0.001311647
C[C>A]G,0.004345092
C[C>A]T,0
G[C>A]A,0.000786988
G[C>A]C,0.00154535
G[C>A]G,0.001573977
G[C>A]T,0.000786988
T[C>A]A,0
T[C>A]C,0.001573977
T[C>A]G,0.002070009
T[C>A]T,0.004841124
A[C>G]A,0.001984127
A[C>G]C,0.000524659
A[C>G]G,0
A[C>G]T,0.00297619
C[C>G]A,0
C[C>G]C,0
C[C>G]G,0.001516722
C[C>G]T,0.000786988
G[C>G]A,0
G[C>G]C,0.002303711
G[C>G]G,0.000524659
G[C>G]T,0.001516722
T[C>G]A,0.000786988
T[C>G]C,0.002360965
T[C>G]G,0.001254393
T[C>G]T,0
A[C>T]A,0.011952647
A[C>T]C,0.00781263
A[C>T]G,0.011985959
A[C>T]T,0.004550167
C[C>T]A,0.010931957
C[C>T]C,0.023971918
C[C>T]G,0.021520387
C[C>T]T,0.003849061
G[C>T]A,0.01644556
G[C>T]C,0.02647602
G[C>T]G,0.01866339
G[C>T]T,0.007202089
T[C>T]A,0.007521673
T[C>T]C,0.005947696
T[C>T]G,0.010555118
T[C>T]T,0.002480159
A[T>A]A,0
A[T>A]C,0
A[T>A]G,0
A[T>A]T,0.00297619
C[T>A]A,0
C[T>A]C,0.001516722
C[T>A]G,0
C[T>A]T,0.001488095
G[T>A]A,0
G[T>A]C,0.000524659
G[T>A]G,0
G[T>A]T,0.000786988
T[T>A]A,0
T[T>A]C,0
T[T>A]G,0
T[T>A]T,0
A[T>C]A,0.012854145
A[T>C]C,0.013149786
A[T>C]G,0.021000412
A[T>C]T,0
C[T>C]A,0.02662384
C[T>C]C,0.038557229
C[T>C]G,0.074138268
C[T>C]T,0.039635175
G[T>C]A,0.110706686
G[T>C]C,0.094261126
G[T>C]G,0.199807105
G[T>C]T,0.082265798
T[T>C]A,0.005771249
T[T>C]C,0.012076525
T[T>C]G,0.011084462
T[T>C]T,0
A[T>G]A,0
A[T>G]C,0.000524659
A[T>G]G,0.001488095
A[T>G]T,0.00297619
C[T>G]A,0
C[T>G]C,0.003004818
C[T>G]G,0.000524659
C[T>G]T,0.000786988
G[T>G]A,0
G[T>G]C,0.005365783
G[T>G]G,0.002041381
G[T>G]T,0.001488095
T[T>G]A,0
T[T>G]C,0
T[T>G]G,0
T[T>G]T,0
