Substitution,Proportion_of_mutations
A[C>A]A,0
A[C>A]C,0.000539687
A[C>A]G,0.002566345
A[C>A]T,0.000391466
C[C>A]A,0.000376648
C[C>A]C,0.000263774
C[C>A]G,0.001341328
C[C>A]T,0.001260565
G[C>A]A,0.001230812
G[C>A]C,0.001025715
G[C>A]G,0.000893991
G[C>A]T,0.000891568
T[C>A]A,0.000788526
T[C>A]C,0.000716075
T[C>A]G,0.001419471
T[C>A]T,0.003494923
A[C>G]A,0.001838334
A[C>G]C,0.002091641
A[C>G]G,0.002353448
A[C>G]T,0.000302206
C[C>G]A,0.000326078
C[C>G]C,0.000539687
C[C>G]G,0.000936443
C[C>G]T,0.001153672
G[C>G]A,0.001067773
G[C>G]C,0.001849031
G[C>G]G,0.000730136
G[C>G]T,0.000971487
T[C>G]A,0.000326078
T[C>G]C,0.000953987
T[C>G]G,8.15E-05
T[C>G]T,0.001883239
A[C>T]A,0.033532473
A[C>T]C,0.033424616
A[C>T]G,0.029034083
A[C>T]T,0.003604155
C[C>T]A,0.022625084
C[C>T]C,0.05046651
C[C>T]G,0.055292055
C[C>T]T,0.010355794
G[C>T]A,0.028209313
G[C>T]C,0.048636558
G[C>T]G,0.038472356
G[C>T]T,0.012022361
T[C>T]A,0.010370352
T[C>T]C,0.018997181
T[C>T]G,0.020602103
T[C>T]T,0.002796807
A[T>A]A,0
A[T>A]C,0.000564972
A[T>A]G,0
A[T>A]T,0
C[T>A]A,0
C[T>A]C,0
C[T>A]G,0.000705244
C[T>A]T,0.001425338
G[T>A]A,0
G[T>A]C,0.000538086
G[T>A]G,0.00130965
G[T>A]T,0.000326078
T[T>A]A,0.005838041
T[T>A]C,0.000564972
T[T>A]G,0
T[T>A]T,0.001923077
A[T>C]A,0.018440531
A[T>C]C,0.013778392
A[T>C]G,0.016498547
A[T>C]T,0.010109822
C[T>C]A,0.020398058
C[T>C]C,0.023818391
C[T>C]G,0.0423637
C[T>C]T,0.021106256
G[T>C]A,0.093817764
G[T>C]C,0.063905486
G[T>C]G,0.09571607
G[T>C]T,0.077134838
T[T>C]A,0.007161157
T[T>C]C,0.006044281
T[T>C]G,0.003847118
T[T>C]T,0.004304478
A[T>G]A,0
A[T>G]C,0.000151103
A[T>G]G,0.001443181
A[T>G]T,0
C[T>G]A,0.001548871
C[T>G]C,0.000885584
C[T>G]G,0.000263774
C[T>G]T,0.000326078
G[T>G]A,0.002651752
G[T>G]C,0.002596834
G[T>G]G,0.001380879
G[T>G]T,0.000326078
T[T>G]A,0
T[T>G]C,0.001488915
T[T>G]G,0.000326078
T[T>G]T,0.001923077
