Substitution,Number_of_mutations
A[C>A]A,10.175988907240162
A[C>A]C,5.575012092791286
A[C>A]G,10.20430599503419
A[C>A]T,6.0
C[C>A]A,5.41090326544736
C[C>A]C,0
C[C>A]G,5.6861941506396825
C[C>A]T,5.6705908871391495
G[C>A]A,2.6988488358336378
G[C>A]C,1.1516374337456823
G[C>A]G,6.348169878681755
G[C>A]T,0
T[C>A]A,0
T[C>A]C,4.374203594345197
T[C>A]G,1.3987235770759228
T[C>A]T,3.9935883882923906
A[C>G]A,0
A[C>G]C,9.40463454988126
A[C>G]G,3.866329026626556
A[C>G]T,0
C[C>G]A,3.4397239389538794
C[C>G]C,6.567815054712362
C[C>G]G,0.305094092858048
C[C>G]T,0
G[C>G]A,0
G[C>G]C,2.6830997003963555
G[C>G]G,0
G[C>G]T,3.377005334547741
T[C>G]A,0
T[C>G]C,2.3659185746095392
T[C>G]G,0
T[C>G]T,0
A[C>T]A,11.76832864991793
A[C>T]C,42.059260218269756
A[C>T]G,3.4026396559787457
A[C>T]T,18.78130184181919
C[C>T]A,0
C[C>T]C,0
C[C>T]G,0
C[C>T]T,5.8826821712039745
G[C>T]A,16.831615853433195
G[C>T]C,72.65759180195464
G[C>T]G,10.9714824518176
G[C>T]T,14.645982103973223
T[C>T]A,4.15370288684505
T[C>T]C,9.698693949556116
T[C>T]G,7.797294200208896
T[C>T]T,0
A[T>A]A,0
A[T>A]C,1.9241191827248905
A[T>A]G,0
A[T>A]T,0
C[T>A]A,0
C[T>A]C,4.608073332483428
C[T>A]G,0
C[T>A]T,3.7815847259386786
G[T>A]A,17.517389470100238
G[T>A]C,1.700206851584966
G[T>A]G,0
G[T>A]T,10.907829130803544
T[T>A]A,0
T[T>A]C,0
T[T>A]G,0
T[T>A]T,8.724003493854138
A[T>C]A,36.807270408822575
A[T>C]C,12.813929398001939
A[T>C]G,0
A[T>C]T,10.523924171520008
C[T>C]A,0
C[T>C]C,0
C[T>C]G,0
C[T>C]T,0
G[T>C]A,0
G[T>C]C,41.75680891177245
G[T>C]G,0
G[T>C]T,48.83967872232492
T[T>C]A,0
T[T>C]C,0
T[T>C]G,3.983604353723699
T[T>C]T,0
A[T>G]A,0
A[T>G]C,0
A[T>G]G,3.78008086723562
A[T>G]T,0
C[T>G]A,0
C[T>G]C,0
C[T>G]G,1.3665788533323762
C[T>G]T,0
G[T>G]A,0
G[T>G]C,2.659370071490099
G[T>G]G,4.050639416755727
G[T>G]T,0
T[T>G]A,0
T[T>G]C,2.46646719821004
T[T>G]G,0
T[T>G]T,7.647108606719626
